"TEST_DATA_ID","TEST_ID","REQ_ID","LOC_ID","SOC","REMAIN_FULL_SOC_TIME","VOLTAGE","CURRENT","REGIST_DT"
"2274261","797","1688474991","67","64.000","2100","374.00","3.00","2023-07-04 12:50:09"
"2274262","797","1688474991","67","64.000","2160","374.00","1.00","2023-07-04 12:50:09"
"2274263","797","1688474991","67","64.000","2160","374.00","4.00","2023-07-04 12:50:09"
"2274264","797","1688474991","67","64.000","2160","374.00","4.00","2023-07-04 12:50:09"
"2274265","797","1688474991","67","64.000","2160","374.00","3.00","2023-07-04 12:50:09"
"2274266","797","1688474991","67","64.000","2160","374.00","3.00","2023-07-04 12:50:10"
"2274267","797","1688474991","67","64.000","2160","374.00","6.00","2023-07-04 12:50:10"
"2274268","797","1688474991","67","64.000","2160","374.00","7.00","2023-07-04 12:50:10"
"2274269","797","1688474991","67","64.000","2160","374.00","7.00","2023-07-04 12:50:10"
"2274270","797","1688474991","67","64.000","2160","374.00","9.00","2023-07-04 12:50:10"
"2274271","797","1688474991","67","64.000","2160","374.00","10.00","2023-07-04 12:50:10"
"2274272","797","1688474991","67","64.000","2160","374.00","11.00","2023-07-04 12:50:10"
"2274273","797","1688474991","67","64.000","2160","375.00","13.00","2023-07-04 12:50:10"
"2274274","797","1688474991","67","64.000","2160","374.00","14.00","2023-07-04 12:50:10"
"2274275","797","1688474991","67","64.000","2160","374.00","15.00","2023-07-04 12:50:11"
"2274276","797","1688474991","67","64.000","2160","374.00","16.00","2023-07-04 12:50:11"
"2274277","797","1688474991","67","64.000","2160","374.00","18.00","2023-07-04 12:50:11"
"2274278","797","1688474991","67","64.000","2160","375.00","20.00","2023-07-04 12:50:11"
"2274279","797","1688474991","67","64.000","2160","375.00","20.00","2023-07-04 12:50:11"
"2274280","797","1688474991","67","64.000","2160","375.00","21.00","2023-07-04 12:50:11"
"2274281","797","1688474991","67","64.000","2160","375.00","22.00","2023-07-04 12:50:11"
"2274282","797","1688474991","67","64.000","2160","375.00","24.00","2023-07-04 12:50:11"
"2274283","797","1688474991","67","64.000","2160","375.00","25.00","2023-07-04 12:50:12"
"2274284","797","1688474991","67","64.000","2160","375.00","26.00","2023-07-04 12:50:12"
"2274285","797","1688474991","67","64.000","2160","375.00","26.00","2023-07-04 12:50:12"
"2274286","797","1688474991","67","64.000","2160","375.00","28.00","2023-07-04 12:50:12"
"2274287","797","1688474991","67","64.000","2160","375.00","31.00","2023-07-04 12:50:12"
"2274288","797","1688474991","67","64.000","2160","375.00","31.00","2023-07-04 12:50:12"
"2274289","797","1688474991","67","64.000","2160","376.00","32.00","2023-07-04 12:50:12"
"2274290","797","1688474991","67","64.000","2160","375.00","32.00","2023-07-04 12:50:12"
"2274291","797","1688474991","67","64.000","2160","375.00","34.00","2023-07-04 12:50:13"
"2274292","797","1688474991","67","64.000","2160","376.00","35.00","2023-07-04 12:50:13"
"2274293","797","1688474991","67","64.000","2160","376.00","37.00","2023-07-04 12:50:13"
"2274294","797","1688474991","67","64.000","2160","376.00","38.00","2023-07-04 12:50:13"
"2274295","797","1688474991","67","64.000","2160","376.00","38.00","2023-07-04 12:50:13"
"2274296","797","1688474991","67","64.000","2160","376.00","40.00","2023-07-04 12:50:13"
"2274297","797","1688474991","67","64.000","2160","376.00","42.00","2023-07-04 12:50:13"
"2274298","797","1688474991","67","64.000","2160","376.00","43.00","2023-07-04 12:50:13"
"2274299","797","1688474991","67","64.000","2160","376.00","44.00","2023-07-04 12:50:13"
"2274300","797","1688474991","67","64.000","2160","376.00","45.00","2023-07-04 12:50:14"
"2274301","797","1688474991","67","64.000","2160","376.00","46.00","2023-07-04 12:50:14"
"2274302","797","1688474991","67","64.000","2160","376.00","47.00","2023-07-04 12:50:14"
"2274303","797","1688474991","67","64.000","2160","377.00","49.00","2023-07-04 12:50:14"
"2274304","797","1688474991","67","64.000","2160","377.00","49.00","2023-07-04 12:50:14"
"2274305","797","1688474991","67","64.000","2160","377.00","51.00","2023-07-04 12:50:14"
"2274306","797","1688474991","67","64.000","2160","377.00","52.00","2023-07-04 12:50:14"
"2274307","797","1688474991","67","64.000","2160","377.00","54.00","2023-07-04 12:50:14"
"2274308","797","1688474991","67","64.000","2160","377.00","55.00","2023-07-04 12:50:15"
"2274309","797","1688474991","67","64.000","2160","377.00","56.00","2023-07-04 12:50:15"
"2274310","797","1688474991","67","64.000","2160","377.00","57.00","2023-07-04 12:50:15"
"2274311","797","1688474991","67","64.000","2160","377.00","57.00","2023-07-04 12:50:15"
"2274312","797","1688474991","67","64.000","2160","377.00","59.00","2023-07-04 12:50:15"
"2274313","797","1688474991","67","64.000","2160","377.00","61.00","2023-07-04 12:50:15"
"2274314","797","1688474991","67","64.000","2160","377.00","61.00","2023-07-04 12:50:15"
"2274315","797","1688474991","67","64.000","2160","377.00","63.00","2023-07-04 12:50:15"
"2274316","797","1688474991","67","64.000","2160","377.00","63.00","2023-07-04 12:50:15"
"2274317","797","1688474991","67","64.000","2160","377.00","65.00","2023-07-04 12:50:16"
"2274318","797","1688474991","67","64.000","2160","378.00","68.00","2023-07-04 12:50:16"
"2274319","797","1688474991","67","64.000","2160","378.00","68.00","2023-07-04 12:50:16"
"2274320","797","1688474991","67","64.000","2160","378.00","69.00","2023-07-04 12:50:16"
"2274321","797","1688474991","67","64.000","2160","378.00","69.00","2023-07-04 12:50:16"
"2274322","797","1688474991","67","64.000","2160","378.00","71.00","2023-07-04 12:50:16"
"2274323","797","1688474991","67","64.000","2160","378.00","73.00","2023-07-04 12:50:16"
"2274324","797","1688474991","67","64.000","2160","378.00","74.00","2023-07-04 12:50:16"
"2274325","797","1688474991","67","64.000","2160","378.00","75.00","2023-07-04 12:50:17"
"2274326","797","1688474991","67","64.000","2160","378.00","76.00","2023-07-04 12:50:17"
"2274327","797","1688474991","67","64.000","2160","378.00","77.00","2023-07-04 12:50:17"
"2274328","797","1688474991","67","64.000","2160","379.00","79.00","2023-07-04 12:50:17"
"2274329","797","1688474991","67","64.000","2160","379.00","80.00","2023-07-04 12:50:17"
"2274330","797","1688474991","67","64.000","2160","378.00","81.00","2023-07-04 12:50:17"
"2274331","797","1688474991","67","64.000","2160","379.00","81.00","2023-07-04 12:50:17"
"2274332","797","1688474991","67","64.000","2160","379.00","84.00","2023-07-04 12:50:17"
"2274333","797","1688474991","67","64.000","2160","379.00","85.00","2023-07-04 12:50:18"
"2274334","797","1688474991","67","64.000","2160","379.00","86.00","2023-07-04 12:50:18"
"2274335","797","1688474991","67","64.000","2160","379.00","87.00","2023-07-04 12:50:18"
"2274336","797","1688474991","67","64.000","2160","379.00","87.00","2023-07-04 12:50:18"
"2274337","797","1688474991","67","64.000","2160","379.00","90.00","2023-07-04 12:50:18"
"2274338","797","1688474991","67","64.000","2160","379.00","91.00","2023-07-04 12:50:18"
"2274339","797","1688474991","67","64.000","2160","379.00","92.00","2023-07-04 12:50:18"
"2274340","797","1688474991","67","64.000","2160","379.00","92.00","2023-07-04 12:50:18"
"2274341","797","1688474991","67","64.000","2160","380.00","93.00","2023-07-04 12:50:18"
"2274342","797","1688474991","67","64.000","2160","380.00","95.00","2023-07-04 12:50:19"
"2274343","797","1688474991","67","64.000","2160","380.00","97.00","2023-07-04 12:50:19"
"2274344","797","1688474991","67","64.000","2160","380.00","98.00","2023-07-04 12:50:19"
"2274345","797","1688474991","67","64.000","2160","380.00","99.00","2023-07-04 12:50:19"
"2274346","797","1688474991","67","64.000","2160","380.00","100.00","2023-07-04 12:50:19"
"2274347","797","1688474991","67","64.000","2160","380.00","102.00","2023-07-04 12:50:19"
"2274348","797","1688474991","67","64.000","2160","380.00","104.00","2023-07-04 12:50:19"
"2274349","797","1688474991","67","64.000","2160","380.00","104.00","2023-07-04 12:50:19"
"2274350","797","1688474991","67","64.000","2160","380.00","105.00","2023-07-04 12:50:20"
"2274351","797","1688474991","67","64.000","2160","380.00","106.00","2023-07-04 12:50:20"
"2274352","797","1688474991","67","64.000","2160","380.00","108.00","2023-07-04 12:50:20"
"2274353","797","1688474991","67","64.000","2160","381.00","110.00","2023-07-04 12:50:20"
"2274354","797","1688474991","67","64.000","2160","381.00","110.00","2023-07-04 12:50:20"
"2274355","797","1688474991","67","64.000","2160","381.00","111.00","2023-07-04 12:50:20"
"2274356","797","1688474991","67","64.000","2160","381.00","110.00","2023-07-04 12:50:20"
"2274357","797","1688474991","67","64.000","2160","381.00","110.00","2023-07-04 12:50:20"
"2274358","797","1688474991","67","64.000","2160","381.00","111.00","2023-07-04 12:50:21"
"2274359","797","1688474991","67","64.000","2160","381.00","111.00","2023-07-04 12:50:21"
"2274360","797","1688474991","67","64.000","2160","381.00","111.00","2023-07-04 12:50:21"
"2274361","797","1688474991","67","64.000","2160","381.00","110.00","2023-07-04 12:50:21"
"2274362","797","1688474991","67","64.000","2160","381.00","110.00","2023-07-04 12:50:21"
"2274363","797","1688474991","67","64.000","2160","381.00","111.00","2023-07-04 12:50:21"
"2274364","797","1688474991","67","64.000","2160","381.00","111.00","2023-07-04 12:50:21"
"2274365","797","1688474991","67","64.000","2160","381.00","110.00","2023-07-04 12:50:21"
"2274366","797","1688474991","67","64.000","2160","381.00","110.00","2023-07-04 12:50:21"
"2274367","797","1688474991","67","64.000","2160","381.00","110.00","2023-07-04 12:50:22"
"2274368","797","1688474991","67","64.000","2160","381.00","110.00","2023-07-04 12:50:22"
"2274369","797","1688474991","67","64.000","2160","381.00","111.00","2023-07-04 12:50:22"
"2274370","797","1688474991","67","64.000","2160","381.00","110.00","2023-07-04 12:50:22"
"2274371","797","1688474991","67","64.000","2160","381.00","110.00","2023-07-04 12:50:22"
"2274372","797","1688474991","67","64.000","2160","381.00","111.00","2023-07-04 12:50:22"
"2274373","797","1688474991","67","64.000","2160","381.00","110.00","2023-07-04 12:50:22"
"2274374","797","1688474991","67","64.000","2160","381.00","110.00","2023-07-04 12:50:22"
"2274375","797","1688474991","67","64.000","2160","381.00","110.00","2023-07-04 12:50:23"
"2274376","797","1688474991","67","64.000","2160","381.00","110.00","2023-07-04 12:50:23"
"2274377","797","1688474991","67","64.000","2160","381.00","110.00","2023-07-04 12:50:23"
"2274378","797","1688474991","67","64.000","2160","381.00","110.00","2023-07-04 12:50:23"
"2274379","797","1688474991","67","64.000","2160","381.00","111.00","2023-07-04 12:50:23"
"2274380","797","1688474991","67","64.000","2160","381.00","111.00","2023-07-04 12:50:23"
"2274381","797","1688474991","67","64.000","2160","381.00","111.00","2023-07-04 12:50:23"
"2274382","797","1688474991","67","64.000","2160","381.00","110.00","2023-07-04 12:50:23"
"2274383","797","1688474991","67","64.000","2160","381.00","110.00","2023-07-04 12:50:24"
"2274384","797","1688474991","67","64.000","2160","381.00","111.00","2023-07-04 12:50:24"
"2274385","797","1688474991","67","64.000","2160","381.00","111.00","2023-07-04 12:50:24"
"2274386","797","1688474991","67","64.000","2160","381.00","111.00","2023-07-04 12:50:24"
"2274387","797","1688474991","67","64.000","2160","381.00","110.00","2023-07-04 12:50:24"
"2274388","797","1688474991","67","64.000","2160","381.00","110.00","2023-07-04 12:50:24"
"2274389","797","1688474991","67","64.000","2160","381.00","111.00","2023-07-04 12:50:24"
"2274390","797","1688474991","67","64.000","2160","381.00","111.00","2023-07-04 12:50:24"
"2274391","797","1688474991","67","64.000","2160","381.00","111.00","2023-07-04 12:50:24"
"2274392","797","1688474991","67","64.000","2160","381.00","110.00","2023-07-04 12:50:25"
"2274393","797","1688474991","67","64.000","2160","381.00","110.00","2023-07-04 12:50:25"
"2274394","797","1688474991","67","64.000","2160","381.00","110.00","2023-07-04 12:50:25"
"2274395","797","1688474991","67","64.000","2160","381.00","111.00","2023-07-04 12:50:25"
"2274396","797","1688474991","67","64.000","2160","381.00","111.00","2023-07-04 12:50:25"
"2274397","797","1688474991","67","64.000","2160","381.00","110.00","2023-07-04 12:50:25"
"2274398","797","1688474991","67","64.000","2160","381.00","110.00","2023-07-04 12:50:25"
"2274399","797","1688474991","67","64.000","2160","381.00","111.00","2023-07-04 12:50:25"
"2274400","797","1688474991","67","64.000","2160","381.00","111.00","2023-07-04 12:50:26"
"2274401","797","1688474991","67","64.000","2160","382.00","111.00","2023-07-04 12:50:26"
"2274402","797","1688474991","67","64.000","2160","381.00","110.00","2023-07-04 12:50:26"
"2274403","797","1688474991","67","64.000","2160","381.00","110.00","2023-07-04 12:50:26"
"2274404","797","1688474991","67","64.000","2160","381.00","111.00","2023-07-04 12:50:26"
"2274405","797","1688474991","67","64.000","2160","381.00","111.00","2023-07-04 12:50:26"
"2274406","797","1688474991","67","64.000","2160","382.00","111.00","2023-07-04 12:50:26"
"2274407","797","1688474991","67","64.000","2160","382.00","110.00","2023-07-04 12:50:26"
"2274408","797","1688474991","67","64.000","2160","381.00","110.00","2023-07-04 12:50:27"
"2274409","797","1688474991","67","64.000","2160","382.00","111.00","2023-07-04 12:50:27"
"2274410","797","1688474991","67","64.000","2160","382.00","111.00","2023-07-04 12:50:27"
"2274411","797","1688474991","67","64.000","2160","382.00","111.00","2023-07-04 12:50:27"
"2274412","797","1688474991","67","64.000","2160","382.00","110.00","2023-07-04 12:50:27"
"2274413","797","1688474991","67","64.000","2160","381.00","110.00","2023-07-04 12:50:27"
"2274414","797","1688474991","67","64.000","2160","382.00","111.00","2023-07-04 12:50:27"
"2274415","797","1688474991","67","64.000","2160","382.00","111.00","2023-07-04 12:50:27"
"2274416","797","1688474991","67","64.000","2160","382.00","110.00","2023-07-04 12:50:28"
"2274417","797","1688474991","67","64.000","2160","382.00","110.00","2023-07-04 12:50:28"
"2274418","797","1688474991","67","64.000","2160","382.00","110.00","2023-07-04 12:50:28"
"2274419","797","1688474991","67","64.000","2160","382.00","111.00","2023-07-04 12:50:28"
"2274420","797","1688474991","67","64.000","2160","382.00","111.00","2023-07-04 12:50:28"
"2274421","797","1688474991","67","64.000","2160","382.00","110.00","2023-07-04 12:50:28"
"2274422","797","1688474991","67","64.000","2160","382.00","110.00","2023-07-04 12:50:28"
"2274423","797","1688474991","67","64.000","2160","382.00","110.00","2023-07-04 12:50:28"
"2274424","797","1688474991","67","64.000","2160","382.00","111.00","2023-07-04 12:50:28"
"2274425","797","1688474991","67","64.000","2160","382.00","111.00","2023-07-04 12:50:29"
"2274426","797","1688474991","67","64.000","2160","382.00","110.00","2023-07-04 12:50:29"
"2274427","797","1688474991","67","64.000","2160","382.00","110.00","2023-07-04 12:50:29"
"2274428","797","1688474991","67","64.000","2160","382.00","110.00","2023-07-04 12:50:29"
"2274429","797","1688474991","67","64.000","2160","382.00","111.00","2023-07-04 12:50:29"
"2274430","797","1688474991","67","64.000","2160","382.00","111.00","2023-07-04 12:50:29"
"2274431","797","1688474991","67","64.000","2160","382.00","110.00","2023-07-04 12:50:29"
"2274432","797","1688474991","67","64.000","2160","382.00","110.00","2023-07-04 12:50:29"
"2274433","797","1688474991","67","64.000","2160","382.00","110.00","2023-07-04 12:50:30"
"2274434","797","1688474991","67","64.000","2160","382.00","111.00","2023-07-04 12:50:30"
"2274435","797","1688474991","67","64.000","2160","382.00","111.00","2023-07-04 12:50:30"
"2274436","797","1688474991","67","64.000","2160","382.00","110.00","2023-07-04 12:50:30"
"2274437","797","1688474991","67","64.000","2160","382.00","110.00","2023-07-04 12:50:30"
"2274438","797","1688474991","67","64.000","2160","382.00","110.00","2023-07-04 12:50:30"
"2274439","797","1688474991","67","64.000","2160","382.00","111.00","2023-07-04 12:50:30"
"2274440","797","1688474991","67","64.000","2160","382.00","111.00","2023-07-04 12:50:30"
"2274441","797","1688474991","67","64.000","2160","382.00","110.00","2023-07-04 12:50:31"
"2274442","797","1688474991","67","64.000","2160","382.00","110.00","2023-07-04 12:50:31"
"2274443","797","1688474991","67","64.000","2160","382.00","110.00","2023-07-04 12:50:31"
"2274444","797","1688474991","67","64.000","2160","382.00","110.00","2023-07-04 12:50:31"
"2274445","797","1688474991","67","64.000","2160","382.00","111.00","2023-07-04 12:50:31"
"2274446","797","1688474991","67","64.000","2160","382.00","111.00","2023-07-04 12:50:31"
"2274447","797","1688474991","67","64.000","2160","382.00","111.00","2023-07-04 12:50:31"
"2274448","797","1688474991","67","64.000","2160","382.00","110.00","2023-07-04 12:50:31"
"2274449","797","1688474991","67","64.000","2160","382.00","110.00","2023-07-04 12:50:31"
"2274450","797","1688474991","67","64.000","2160","382.00","111.00","2023-07-04 12:50:32"
"2274451","797","1688474991","67","64.000","2160","382.00","111.00","2023-07-04 12:50:32"
"2274452","797","1688474991","67","64.000","2160","382.00","111.00","2023-07-04 12:50:32"
"2274453","797","1688474991","67","64.000","2160","382.00","110.00","2023-07-04 12:50:32"
"2274454","797","1688474991","67","65.000","2160","382.00","110.00","2023-07-04 12:50:32"
"2274455","797","1688474991","67","65.000","2160","382.00","111.00","2023-07-04 12:50:32"
"2274456","797","1688474991","67","65.000","2160","382.00","111.00","2023-07-04 12:50:32"
"2274457","797","1688474991","67","65.000","2160","382.00","111.00","2023-07-04 12:50:32"
"2274458","797","1688474991","67","65.000","2160","382.00","110.00","2023-07-04 12:50:33"
"2274459","797","1688474991","67","65.000","2160","382.00","110.00","2023-07-04 12:50:33"
"2274460","797","1688474991","67","65.000","2160","382.00","111.00","2023-07-04 12:50:33"
"2274461","797","1688474991","67","65.000","2160","382.00","111.00","2023-07-04 12:50:33"
"2274462","797","1688474991","67","65.000","2160","382.00","111.00","2023-07-04 12:50:33"
"2274463","797","1688474991","67","65.000","2160","382.00","110.00","2023-07-04 12:50:33"
"2274464","797","1688474991","67","65.000","2160","382.00","110.00","2023-07-04 12:50:33"
"2274465","797","1688474991","67","65.000","2160","382.00","111.00","2023-07-04 12:50:33"
"2274466","797","1688474991","67","65.000","2160","382.00","110.00","2023-07-04 12:50:34"
"2274467","797","1688474991","67","65.000","2160","382.00","110.00","2023-07-04 12:50:34"
"2274468","797","1688474991","67","65.000","2160","382.00","110.00","2023-07-04 12:50:34"
"2274469","797","1688474991","67","65.000","2160","382.00","111.00","2023-07-04 12:50:34"
"2274470","797","1688474991","67","65.000","2160","382.00","111.00","2023-07-04 12:50:34"
"2274471","797","1688474991","67","65.000","2160","382.00","111.00","2023-07-04 12:50:34"
"2274472","797","1688474991","67","65.000","2160","382.00","110.00","2023-07-04 12:50:34"
"2274473","797","1688474991","67","65.000","2160","382.00","110.00","2023-07-04 12:50:34"
"2274474","797","1688474991","67","65.000","2160","382.00","110.00","2023-07-04 12:50:34"
"2274475","797","1688474991","67","65.000","2160","382.00","111.00","2023-07-04 12:50:35"
"2274476","797","1688474991","67","65.000","2160","382.00","111.00","2023-07-04 12:50:35"
"2274477","797","1688474991","67","65.000","2160","382.00","110.00","2023-07-04 12:50:35"
"2274478","797","1688474991","67","65.000","2160","382.00","110.00","2023-07-04 12:50:35"
"2274479","797","1688474991","67","65.000","2160","382.00","111.00","2023-07-04 12:50:35"
"2274480","797","1688474991","67","65.000","2160","382.00","111.00","2023-07-04 12:50:35"
"2274481","797","1688474991","67","65.000","2160","382.00","111.00","2023-07-04 12:50:35"
"2274482","797","1688474991","67","65.000","2160","382.00","110.00","2023-07-04 12:50:35"
"2274483","797","1688474991","67","65.000","2160","382.00","110.00","2023-07-04 12:50:36"
"2274484","797","1688474991","67","65.000","2160","382.00","110.00","2023-07-04 12:50:36"
"2274485","797","1688474991","67","65.000","2160","382.00","111.00","2023-07-04 12:50:36"
"2274486","797","1688474991","67","65.000","2160","382.00","111.00","2023-07-04 12:50:36"
"2274487","797","1688474991","67","65.000","2160","382.00","110.00","2023-07-04 12:50:36"
"2274488","797","1688474991","67","65.000","2160","382.00","110.00","2023-07-04 12:50:36"
"2274489","797","1688474991","67","65.000","2160","382.00","111.00","2023-07-04 12:50:36"
"2274490","797","1688474991","67","65.000","2160","382.00","111.00","2023-07-04 12:50:36"
"2274491","797","1688474991","67","65.000","2160","382.00","110.00","2023-07-04 12:50:37"
"2274492","797","1688474991","67","65.000","2160","382.00","110.00","2023-07-04 12:50:37"
"2274493","797","1688474991","67","65.000","2160","382.00","110.00","2023-07-04 12:50:37"
"2274494","797","1688474991","67","65.000","2160","382.00","110.00","2023-07-04 12:50:37"
"2274495","797","1688474991","67","65.000","2160","382.00","111.00","2023-07-04 12:50:37"
"2274496","797","1688474991","67","65.000","2160","382.00","110.00","2023-07-04 12:50:37"
"2274497","797","1688474991","67","65.000","2160","382.00","110.00","2023-07-04 12:50:37"
"2274498","797","1688474991","67","65.000","2160","382.00","110.00","2023-07-04 12:50:37"
"2274499","797","1688474991","67","65.000","2160","383.00","110.00","2023-07-04 12:50:37"
"2274500","797","1688474991","67","65.000","2160","382.00","111.00","2023-07-04 12:50:38"
"2274501","797","1688474991","67","65.000","2160","382.00","111.00","2023-07-04 12:50:38"
"2274502","797","1688474991","67","65.000","2160","382.00","110.00","2023-07-04 12:50:38"
"2274503","797","1688474991","67","65.000","2160","382.00","110.00","2023-07-04 12:50:38"
"2274504","797","1688474991","67","65.000","2160","382.00","110.00","2023-07-04 12:50:38"
"2274505","797","1688474991","67","65.000","2160","382.00","111.00","2023-07-04 12:50:38"
"2274506","797","1688474991","67","65.000","2160","382.00","111.00","2023-07-04 12:50:38"
"2274507","797","1688474991","67","65.000","2160","382.00","111.00","2023-07-04 12:50:38"
"2274508","797","1688474991","67","65.000","2160","382.00","111.00","2023-07-04 12:50:39"
"2274509","797","1688474991","67","65.000","2160","382.00","110.00","2023-07-04 12:50:39"
"2274510","797","1688474991","67","65.000","2160","383.00","110.00","2023-07-04 12:50:39"
"2274511","797","1688474991","67","65.000","2160","382.00","111.00","2023-07-04 12:50:39"
"2274512","797","1688474991","67","65.000","2160","383.00","110.00","2023-07-04 12:50:39"
"2274513","797","1688474991","67","65.000","2160","382.00","110.00","2023-07-04 12:50:39"
"2274514","797","1688474991","67","65.000","2160","382.00","111.00","2023-07-04 12:50:39"
"2274515","797","1688474991","67","65.000","2160","382.00","110.00","2023-07-04 12:50:39"
"2274516","797","1688474991","67","65.000","2160","383.00","111.00","2023-07-04 12:50:40"
"2274517","797","1688474991","67","65.000","2160","382.00","111.00","2023-07-04 12:50:40"
"2274518","797","1688474991","67","65.000","2160","382.00","110.00","2023-07-04 12:50:40"
"2274519","797","1688474991","67","65.000","2160","383.00","111.00","2023-07-04 12:50:40"
"2274520","797","1688474991","67","65.000","2160","383.00","110.00","2023-07-04 12:50:40"
"2274521","797","1688474991","67","65.000","2160","383.00","111.00","2023-07-04 12:50:40"
"2274522","797","1688474991","67","65.000","2160","382.00","111.00","2023-07-04 12:50:40"
"2274523","797","1688474991","67","65.000","2160","382.00","110.00","2023-07-04 12:50:40"
"2274524","797","1688474991","67","65.000","2160","382.00","111.00","2023-07-04 12:50:40"
"2274525","797","1688474991","67","65.000","2160","382.00","110.00","2023-07-04 12:50:41"
"2274526","797","1688474991","67","65.000","2160","383.00","110.00","2023-07-04 12:50:41"
"2274527","797","1688474991","67","65.000","2160","383.00","111.00","2023-07-04 12:50:41"
"2274528","797","1688474991","67","65.000","2160","382.00","111.00","2023-07-04 12:50:41"
"2274529","797","1688474991","67","65.000","2160","383.00","111.00","2023-07-04 12:50:41"
"2274530","797","1688474991","67","65.000","2160","383.00","110.00","2023-07-04 12:50:41"
"2274531","797","1688474991","67","65.000","2160","383.00","111.00","2023-07-04 12:50:41"
"2274532","797","1688474991","67","65.000","2160","383.00","110.00","2023-07-04 12:50:41"
"2274533","797","1688474991","67","65.000","2160","383.00","111.00","2023-07-04 12:50:42"
"2274534","797","1688474991","67","65.000","2160","383.00","111.00","2023-07-04 12:50:42"
"2274535","797","1688474991","67","65.000","2160","383.00","111.00","2023-07-04 12:50:42"
"2274536","797","1688474991","67","65.000","2160","383.00","111.00","2023-07-04 12:50:42"
"2274537","797","1688474991","67","65.000","2160","383.00","110.00","2023-07-04 12:50:42"
"2274538","797","1688474991","67","65.000","2160","383.00","111.00","2023-07-04 12:50:42"
"2274539","797","1688474991","67","65.000","2160","382.00","111.00","2023-07-04 12:50:42"
"2274540","797","1688474991","67","65.000","2160","383.00","110.00","2023-07-04 12:50:42"
"2274541","797","1688474991","67","65.000","2160","382.00","111.00","2023-07-04 12:50:43"
"2274542","797","1688474991","67","65.000","2160","383.00","110.00","2023-07-04 12:50:43"
"2274543","797","1688474991","67","65.000","2160","383.00","110.00","2023-07-04 12:50:43"
"2274544","797","1688474991","67","65.000","2160","383.00","111.00","2023-07-04 12:50:43"
"2274545","797","1688474991","67","65.000","2160","383.00","110.00","2023-07-04 12:50:43"
"2274546","797","1688474991","67","65.000","2160","383.00","111.00","2023-07-04 12:50:43"
"2274547","797","1688474991","67","65.000","2160","383.00","110.00","2023-07-04 12:50:43"
"2274548","797","1688474991","67","65.000","2160","383.00","111.00","2023-07-04 12:50:43"
"2274549","797","1688474991","67","65.000","2160","383.00","111.00","2023-07-04 12:50:44"
"2274550","797","1688474991","67","65.000","2160","383.00","110.00","2023-07-04 12:50:44"
"2274551","797","1688474991","67","65.000","2160","383.00","110.00","2023-07-04 12:50:44"
"2274552","797","1688474991","67","65.000","2160","383.00","110.00","2023-07-04 12:50:44"
"2274553","797","1688474991","67","65.000","2160","383.00","111.00","2023-07-04 12:50:44"
"2274554","797","1688474991","67","65.000","2160","383.00","111.00","2023-07-04 12:50:44"
"2274555","797","1688474991","67","65.000","2160","383.00","110.00","2023-07-04 12:50:44"
"2274556","797","1688474991","67","65.000","2160","383.00","111.00","2023-07-04 12:50:44"
"2274557","797","1688474991","67","65.000","2160","383.00","110.00","2023-07-04 12:50:44"
"2274558","797","1688474991","67","65.000","2160","383.00","111.00","2023-07-04 12:50:45"
"2274559","797","1688474991","67","65.000","2160","383.00","111.00","2023-07-04 12:50:45"
"2274560","797","1688474991","67","65.000","2160","383.00","110.00","2023-07-04 12:50:45"
"2274561","797","1688474991","67","65.000","2160","383.00","110.00","2023-07-04 12:50:45"
"2274562","797","1688474991","67","65.000","2160","383.00","110.00","2023-07-04 12:50:45"
"2274563","797","1688474991","67","65.000","2160","383.00","111.00","2023-07-04 12:50:45"
"2274564","797","1688474991","67","65.000","2160","383.00","111.00","2023-07-04 12:50:45"
"2274565","797","1688474991","67","65.000","2160","383.00","110.00","2023-07-04 12:50:45"
"2274566","797","1688474991","67","65.000","2160","383.00","111.00","2023-07-04 12:50:46"
"2274567","797","1688474991","67","65.000","2160","383.00","110.00","2023-07-04 12:50:46"
"2274568","797","1688474991","67","65.000","2160","383.00","111.00","2023-07-04 12:50:46"
"2274569","797","1688474991","67","65.000","2160","383.00","111.00","2023-07-04 12:50:46"
"2274570","797","1688474991","67","65.000","2160","383.00","110.00","2023-07-04 12:50:46"
"2274571","797","1688474991","67","65.000","2160","383.00","110.00","2023-07-04 12:50:46"
"2274572","797","1688474991","67","65.000","2160","383.00","110.00","2023-07-04 12:50:46"
"2274573","797","1688474991","67","65.000","2160","383.00","110.00","2023-07-04 12:50:46"
"2274574","797","1688474991","67","65.000","2160","383.00","110.00","2023-07-04 12:50:47"
"2274575","797","1688474991","67","65.000","2160","383.00","110.00","2023-07-04 12:50:47"
"2274576","797","1688474991","67","65.000","2160","383.00","110.00","2023-07-04 12:50:47"
"2274577","797","1688474991","67","65.000","2160","383.00","111.00","2023-07-04 12:50:47"
"2274578","797","1688474991","67","65.000","2160","383.00","111.00","2023-07-04 12:50:47"
"2274579","797","1688474991","67","65.000","2160","383.00","110.00","2023-07-04 12:50:47"
"2274580","797","1688474991","67","65.000","2160","383.00","111.00","2023-07-04 12:50:47"
"2274581","797","1688474991","67","65.000","2160","383.00","111.00","2023-07-04 12:50:47"
"2274582","797","1688474991","67","65.000","2160","383.00","111.00","2023-07-04 12:50:47"
"2274583","797","1688474991","67","65.000","2160","383.00","111.00","2023-07-04 12:50:48"
"2274584","797","1688474991","67","65.000","2160","383.00","110.00","2023-07-04 12:50:48"
"2274585","797","1688474991","67","65.000","2160","383.00","110.00","2023-07-04 12:50:48"
"2274586","797","1688474991","67","65.000","2160","383.00","111.00","2023-07-04 12:50:48"
"2274587","797","1688474991","67","65.000","2160","383.00","111.00","2023-07-04 12:50:48"
"2274588","797","1688474991","67","65.000","2160","383.00","110.00","2023-07-04 12:50:48"
"2274589","797","1688474991","67","65.000","2160","383.00","110.00","2023-07-04 12:50:48"
"2274590","797","1688474991","67","65.000","2160","383.00","111.00","2023-07-04 12:50:48"
"2274591","797","1688474991","67","65.000","2160","383.00","111.00","2023-07-04 12:50:49"
"2274592","797","1688474991","67","65.000","2160","383.00","111.00","2023-07-04 12:50:49"
"2274593","797","1688474991","67","65.000","2160","383.00","111.00","2023-07-04 12:50:49"
"2274594","797","1688474991","67","65.000","2160","383.00","110.00","2023-07-04 12:50:49"
"2274595","797","1688474991","67","65.000","2160","383.00","111.00","2023-07-04 12:50:49"
"2274596","797","1688474991","67","65.000","2160","383.00","110.00","2023-07-04 12:50:49"
"2274597","797","1688474991","67","65.000","2160","383.00","111.00","2023-07-04 12:50:49"
"2274598","797","1688474991","67","65.000","2160","383.00","111.00","2023-07-04 12:50:49"
"2274599","797","1688474991","67","65.000","2160","383.00","110.00","2023-07-04 12:50:50"
"2274600","797","1688474991","67","65.000","2160","383.00","111.00","2023-07-04 12:50:50"
"2274601","797","1688474991","67","65.000","2160","383.00","110.00","2023-07-04 12:50:50"
"2274602","797","1688474991","67","65.000","2160","383.00","110.00","2023-07-04 12:50:50"
"2274603","797","1688474991","67","65.000","2160","383.00","111.00","2023-07-04 12:50:50"
"2274604","797","1688474991","67","65.000","2160","383.00","111.00","2023-07-04 12:50:50"
"2274605","797","1688474991","67","65.000","2160","383.00","111.00","2023-07-04 12:50:50"
"2274606","797","1688474991","67","65.000","2160","383.00","110.00","2023-07-04 12:50:50"
"2274607","797","1688474991","67","65.000","2160","383.00","110.00","2023-07-04 12:50:50"
"2274608","797","1688474991","67","65.000","2160","383.00","111.00","2023-07-04 12:50:51"
"2274609","797","1688474991","67","65.000","2160","383.00","110.00","2023-07-04 12:50:51"
"2274610","797","1688474991","67","65.000","2160","383.00","111.00","2023-07-04 12:50:51"
"2274611","797","1688474991","67","65.000","2160","383.00","110.00","2023-07-04 12:50:51"
"2274612","797","1688474991","67","65.000","2160","383.00","110.00","2023-07-04 12:50:51"
"2274613","797","1688474991","67","65.000","2160","383.00","110.00","2023-07-04 12:50:51"
"2274614","797","1688474991","67","65.000","2160","383.00","110.00","2023-07-04 12:50:51"
"2274615","797","1688474991","67","65.000","2160","383.00","111.00","2023-07-04 12:50:51"
"2274616","797","1688474991","67","65.000","2160","383.00","111.00","2023-07-04 12:50:52"
"2274617","797","1688474991","67","65.000","2160","383.00","111.00","2023-07-04 12:50:52"
"2274618","797","1688474991","67","65.000","2160","383.00","110.00","2023-07-04 12:50:52"
"2274619","797","1688474991","67","65.000","2160","383.00","110.00","2023-07-04 12:50:52"
"2274620","797","1688474991","67","65.000","2160","383.00","111.00","2023-07-04 12:50:52"
"2274621","797","1688474991","67","65.000","2160","383.00","111.00","2023-07-04 12:50:52"
"2274622","797","1688474991","67","65.000","2160","383.00","111.00","2023-07-04 12:50:52"
"2274623","797","1688474991","67","65.000","2160","383.00","110.00","2023-07-04 12:50:52"
"2274624","797","1688474991","67","65.000","2160","383.00","110.00","2023-07-04 12:50:53"
"2274625","797","1688474991","67","65.000","2160","383.00","110.00","2023-07-04 12:50:53"
"2274626","797","1688474991","67","65.000","2160","383.00","110.00","2023-07-04 12:50:53"
"2274627","797","1688474991","67","65.000","2160","383.00","111.00","2023-07-04 12:50:53"
"2274628","797","1688474991","67","65.000","2160","383.00","111.00","2023-07-04 12:50:53"
"2274629","797","1688474991","67","65.000","2160","383.00","110.00","2023-07-04 12:50:53"
"2274630","797","1688474991","67","65.000","2160","383.00","110.00","2023-07-04 12:50:53"
"2274631","797","1688474991","67","65.000","2160","383.00","110.00","2023-07-04 12:50:53"
"2274632","797","1688474991","67","65.000","2160","383.00","110.00","2023-07-04 12:50:54"
"2274633","797","1688474991","67","65.000","2160","383.00","110.00","2023-07-04 12:50:54"
"2274634","797","1688474991","67","65.000","2160","383.00","110.00","2023-07-04 12:50:54"
"2274635","797","1688474991","67","65.000","2160","383.00","111.00","2023-07-04 12:50:54"
"2274636","797","1688474991","67","65.000","2160","383.00","110.00","2023-07-04 12:50:54"
"2274637","797","1688474991","67","65.000","2160","383.00","110.00","2023-07-04 12:50:54"
"2274638","797","1688474991","67","65.000","2160","383.00","110.00","2023-07-04 12:50:54"
"2274639","797","1688474991","67","65.000","2160","383.00","110.00","2023-07-04 12:50:54"
"2274640","797","1688474991","67","65.000","2160","383.00","111.00","2023-07-04 12:50:54"
"2274641","797","1688474991","67","65.000","2160","383.00","110.00","2023-07-04 12:50:55"
"2274642","797","1688474991","67","65.000","2160","383.00","110.00","2023-07-04 12:50:55"
"2274643","797","1688474991","67","65.000","2160","384.00","111.00","2023-07-04 12:50:55"
"2274644","797","1688474991","67","65.000","2160","383.00","111.00","2023-07-04 12:50:55"
"2274645","797","1688474991","67","65.000","2160","383.00","111.00","2023-07-04 12:50:55"
"2274646","797","1688474991","67","65.000","2160","383.00","111.00","2023-07-04 12:50:55"
"2274647","797","1688474991","67","65.000","2160","383.00","110.00","2023-07-04 12:50:55"
"2274648","797","1688474991","67","65.000","2160","383.00","111.00","2023-07-04 12:50:55"
"2274649","797","1688474991","67","65.000","2160","383.00","111.00","2023-07-04 12:50:56"
"2274650","797","1688474991","67","65.000","2160","383.00","111.00","2023-07-04 12:50:56"
"2274651","797","1688474991","67","65.000","2160","383.00","111.00","2023-07-04 12:50:56"
"2274652","797","1688474991","67","65.000","2160","383.00","111.00","2023-07-04 12:50:56"
"2274653","797","1688474991","67","65.000","2160","383.00","111.00","2023-07-04 12:50:56"
"2274654","797","1688474991","67","65.000","2160","383.00","111.00","2023-07-04 12:50:56"
"2274655","797","1688474991","67","65.000","2160","383.00","111.00","2023-07-04 12:50:56"
"2274656","797","1688474991","67","65.000","2160","383.00","111.00","2023-07-04 12:50:56"
"2274657","797","1688474991","67","65.000","2160","383.00","111.00","2023-07-04 12:50:57"
"2274658","797","1688474991","67","65.000","2160","383.00","110.00","2023-07-04 12:50:57"
"2274659","797","1688474991","67","65.000","2160","383.00","111.00","2023-07-04 12:50:57"
"2274660","797","1688474991","67","65.000","2160","384.00","111.00","2023-07-04 12:50:57"
"2274661","797","1688474991","67","65.000","2160","383.00","110.00","2023-07-04 12:50:57"
"2274662","797","1688474991","67","65.000","2160","383.00","110.00","2023-07-04 12:50:57"
"2274663","797","1688474991","67","65.000","2160","383.00","111.00","2023-07-04 12:50:57"
"2274664","797","1688474991","67","65.000","2160","383.00","111.00","2023-07-04 12:50:57"
"2274665","797","1688474991","67","65.000","2160","383.00","111.00","2023-07-04 12:50:57"
"2274666","797","1688474991","67","65.000","2160","383.00","111.00","2023-07-04 12:50:58"
"2274667","797","1688474991","67","65.000","2160","383.00","110.00","2023-07-04 12:50:58"
"2274668","797","1688474991","67","65.000","2160","384.00","110.00","2023-07-04 12:50:58"
"2274669","797","1688474991","67","65.000","2160","383.00","111.00","2023-07-04 12:50:58"
"2274670","797","1688474991","67","65.000","2160","384.00","110.00","2023-07-04 12:50:58"
"2274671","797","1688474991","67","65.000","2160","384.00","111.00","2023-07-04 12:50:58"
"2274672","797","1688474991","67","65.000","2160","383.00","111.00","2023-07-04 12:50:58"
"2274673","797","1688474991","67","65.000","2160","383.00","110.00","2023-07-04 12:50:58"
"2274674","797","1688474991","67","65.000","2160","383.00","110.00","2023-07-04 12:50:59"
"2274675","797","1688474991","67","65.000","2160","383.00","110.00","2023-07-04 12:50:59"
"2274676","797","1688474991","67","65.000","2160","383.00","111.00","2023-07-04 12:50:59"
"2274677","797","1688474991","67","65.000","2160","384.00","111.00","2023-07-04 12:50:59"
"2274678","797","1688474991","67","65.000","2160","383.00","110.00","2023-07-04 12:50:59"
"2274679","797","1688474991","67","65.000","2160","383.00","111.00","2023-07-04 12:50:59"
"2274680","797","1688474991","67","65.000","2160","383.00","110.00","2023-07-04 12:50:59"
"2274681","797","1688474991","67","65.000","2160","383.00","111.00","2023-07-04 12:51:00"
"2274682","797","1688474991","67","65.000","2160","383.00","110.00","2023-07-04 12:51:00"
"2274683","797","1688474991","67","65.000","2160","383.00","110.00","2023-07-04 12:51:00"
"2274684","797","1688474991","67","65.000","2160","383.00","111.00","2023-07-04 12:51:00"
"2274685","797","1688474991","67","65.000","2160","384.00","110.00","2023-07-04 12:51:00"
"2274686","797","1688474991","67","65.000","2160","384.00","111.00","2023-07-04 12:51:00"
"2274687","797","1688474991","67","65.000","2160","383.00","110.00","2023-07-04 12:51:00"
"2274688","797","1688474991","67","65.000","2160","383.00","110.00","2023-07-04 12:51:00"
"2274689","797","1688474991","67","65.000","2160","384.00","111.00","2023-07-04 12:51:00"
"2274690","797","1688474991","67","65.000","2160","384.00","110.00","2023-07-04 12:51:01"
"2274691","797","1688474991","67","65.000","2160","383.00","111.00","2023-07-04 12:51:01"
"2274692","797","1688474991","67","65.000","2160","384.00","110.00","2023-07-04 12:51:01"
"2274693","797","1688474991","67","65.000","2160","384.00","111.00","2023-07-04 12:51:01"
"2274694","797","1688474991","67","65.000","2160","384.00","111.00","2023-07-04 12:51:01"
"2274695","797","1688474991","67","65.000","2160","384.00","111.00","2023-07-04 12:51:01"
"2274696","797","1688474991","67","65.000","2160","384.00","111.00","2023-07-04 12:51:01"
"2274697","797","1688474991","67","65.000","2160","383.00","110.00","2023-07-04 12:51:01"
"2274698","797","1688474991","67","65.000","2160","384.00","110.00","2023-07-04 12:51:01"
"2274699","797","1688474991","67","65.000","2160","383.00","110.00","2023-07-04 12:51:02"
"2274700","797","1688474991","67","65.000","2160","384.00","111.00","2023-07-04 12:51:02"
"2274701","797","1688474991","67","65.000","2160","384.00","111.00","2023-07-04 12:51:02"
"2274702","797","1688474991","67","65.000","2160","384.00","110.00","2023-07-04 12:51:02"
"2274703","797","1688474991","67","65.000","2160","383.00","110.00","2023-07-04 12:51:02"
"2274704","797","1688474991","67","65.000","2160","384.00","110.00","2023-07-04 12:51:02"
"2274705","797","1688474991","67","65.000","2160","384.00","110.00","2023-07-04 12:51:02"
"2274706","797","1688474991","67","65.000","2160","384.00","111.00","2023-07-04 12:51:03"
"2274707","797","1688474991","67","65.000","2160","384.00","111.00","2023-07-04 12:51:03"
"2274708","797","1688474991","67","65.000","2160","384.00","110.00","2023-07-04 12:51:03"
"2274709","797","1688474991","67","65.000","2160","384.00","111.00","2023-07-04 12:51:03"
"2274710","797","1688474991","67","65.000","2160","384.00","110.00","2023-07-04 12:51:03"
"2274711","797","1688474991","67","65.000","2160","384.00","110.00","2023-07-04 12:51:03"
"2274712","797","1688474991","67","65.000","2160","384.00","111.00","2023-07-04 12:51:03"
"2274713","797","1688474991","67","65.000","2160","384.00","110.00","2023-07-04 12:51:03"
"2274714","797","1688474991","67","65.000","2160","384.00","111.00","2023-07-04 12:51:03"
"2274715","797","1688474991","67","65.000","2160","384.00","111.00","2023-07-04 12:51:04"
"2274716","797","1688474991","67","65.000","2160","384.00","111.00","2023-07-04 12:51:04"
"2274717","797","1688474991","67","65.000","2160","384.00","110.00","2023-07-04 12:51:04"
"2274718","797","1688474991","67","65.000","2160","384.00","110.00","2023-07-04 12:51:04"
"2274719","797","1688474991","67","65.000","2160","384.00","110.00","2023-07-04 12:51:04"
"2274720","797","1688474991","67","65.000","2160","384.00","111.00","2023-07-04 12:51:04"
"2274721","797","1688474991","67","65.000","2160","384.00","110.00","2023-07-04 12:51:04"
"2274722","797","1688474991","67","65.000","2160","384.00","110.00","2023-07-04 12:51:04"
"2274723","797","1688474991","67","65.000","2160","384.00","110.00","2023-07-04 12:51:04"
"2274724","797","1688474991","67","65.000","2160","384.00","110.00","2023-07-04 12:51:05"
"2274725","797","1688474991","67","65.000","2160","384.00","111.00","2023-07-04 12:51:05"
"2274726","797","1688474991","67","65.000","2160","384.00","111.00","2023-07-04 12:51:05"
"2274727","797","1688474991","67","65.000","2160","384.00","110.00","2023-07-04 12:51:05"
"2274728","797","1688474991","67","65.000","2160","384.00","110.00","2023-07-04 12:51:05"
"2274729","797","1688474991","67","65.000","2160","384.00","111.00","2023-07-04 12:51:05"
"2274730","797","1688474991","67","65.000","2160","384.00","111.00","2023-07-04 12:51:05"
"2274731","797","1688474991","67","65.000","2160","384.00","111.00","2023-07-04 12:51:05"
"2274732","797","1688474991","67","65.000","2160","384.00","110.00","2023-07-04 12:51:06"
"2274733","797","1688474991","67","65.000","2160","384.00","110.00","2023-07-04 12:51:06"
"2274734","797","1688474991","67","65.000","2160","384.00","110.00","2023-07-04 12:51:06"
"2274735","797","1688474991","67","65.000","2160","384.00","111.00","2023-07-04 12:51:06"
"2274736","797","1688474991","67","65.000","2160","384.00","111.00","2023-07-04 12:51:06"
"2274737","797","1688474991","67","65.000","2160","384.00","110.00","2023-07-04 12:51:06"
"2274738","797","1688474991","67","65.000","2160","384.00","110.00","2023-07-04 12:51:06"
"2274739","797","1688474991","67","65.000","2160","384.00","110.00","2023-07-04 12:51:06"
"2274740","797","1688474991","67","65.000","2160","384.00","111.00","2023-07-04 12:51:07"
"2274741","797","1688474991","67","65.000","2160","384.00","111.00","2023-07-04 12:51:07"
"2274742","797","1688474991","67","65.000","2160","384.00","110.00","2023-07-04 12:51:07"
"2274743","797","1688474991","67","65.000","2160","384.00","110.00","2023-07-04 12:51:07"
"2274744","797","1688474991","67","65.000","2160","384.00","111.00","2023-07-04 12:51:07"
"2274745","797","1688474991","67","65.000","2160","384.00","111.00","2023-07-04 12:51:07"
"2274746","797","1688474991","67","65.000","2160","384.00","111.00","2023-07-04 12:51:07"
"2274747","797","1688474991","67","65.000","2160","384.00","110.00","2023-07-04 12:51:07"
"2274748","797","1688474991","67","65.000","2160","384.00","110.00","2023-07-04 12:51:07"
"2274749","797","1688474991","67","65.000","2160","384.00","111.00","2023-07-04 12:51:08"
"2274750","797","1688474991","67","65.000","2160","384.00","111.00","2023-07-04 12:51:08"
"2274751","797","1688474991","67","65.000","2160","384.00","111.00","2023-07-04 12:51:08"
"2274752","797","1688474991","67","65.000","2160","384.00","110.00","2023-07-04 12:51:08"
"2274753","797","1688474991","67","65.000","2160","384.00","110.00","2023-07-04 12:51:08"
"2274754","797","1688474991","67","65.000","2160","384.00","111.00","2023-07-04 12:51:08"
"2274755","797","1688474991","67","65.000","2160","384.00","111.00","2023-07-04 12:51:08"
"2274756","797","1688474991","67","65.000","2160","384.00","111.00","2023-07-04 12:51:08"
"2274757","797","1688474991","67","65.000","2160","384.00","110.00","2023-07-04 12:51:09"
"2274758","797","1688474991","67","65.000","2160","384.00","110.00","2023-07-04 12:51:09"
"2274759","797","1688474991","67","65.000","2160","384.00","111.00","2023-07-04 12:51:09"
"2274760","797","1688474991","67","65.000","2160","384.00","111.00","2023-07-04 12:51:09"
"2274761","797","1688474991","67","65.000","2160","384.00","111.00","2023-07-04 12:51:09"
"2274762","797","1688474991","67","65.000","2160","384.00","110.00","2023-07-04 12:51:09"
"2274763","797","1688474991","67","65.000","2160","384.00","110.00","2023-07-04 12:51:09"
"2274764","797","1688474991","67","65.000","2160","384.00","111.00","2023-07-04 12:51:09"
"2274765","797","1688474991","67","65.000","2160","384.00","111.00","2023-07-04 12:51:10"
"2274766","797","1688474991","67","65.000","2160","384.00","111.00","2023-07-04 12:51:10"
"2274767","797","1688474991","67","65.000","2160","384.00","110.00","2023-07-04 12:51:10"
"2274768","797","1688474991","67","65.000","2160","384.00","110.00","2023-07-04 12:51:10"
"2274769","797","1688474991","67","65.000","2160","384.00","111.00","2023-07-04 12:51:10"
"2274770","797","1688474991","67","65.000","2160","384.00","111.00","2023-07-04 12:51:10"
"2274771","797","1688474991","67","65.000","2160","384.00","111.00","2023-07-04 12:51:10"
"2274772","797","1688474991","67","65.000","2160","384.00","111.00","2023-07-04 12:51:10"
"2274773","797","1688474991","67","65.000","2160","384.00","110.00","2023-07-04 12:51:10"
"2274774","797","1688474991","67","65.000","2160","384.00","111.00","2023-07-04 12:51:11"
"2274775","797","1688474991","67","65.000","2160","384.00","111.00","2023-07-04 12:51:11"
"2274776","797","1688474991","67","65.000","2160","384.00","110.00","2023-07-04 12:51:11"
"2274777","797","1688474991","67","65.000","2160","384.00","110.00","2023-07-04 12:51:11"
"2274778","797","1688474991","67","65.000","2160","384.00","111.00","2023-07-04 12:51:11"
"2274779","797","1688474991","67","65.000","2160","384.00","111.00","2023-07-04 12:51:11"
"2274780","797","1688474991","67","65.000","2160","384.00","111.00","2023-07-04 12:51:11"
"2274781","797","1688474991","67","65.000","2160","384.00","110.00","2023-07-04 12:51:11"
"2274782","797","1688474991","67","65.000","2160","384.00","110.00","2023-07-04 12:51:12"
"2274783","797","1688474991","67","65.000","2160","384.00","110.00","2023-07-04 12:51:12"
"2274784","797","1688474991","67","65.000","2160","384.00","110.00","2023-07-04 12:51:12"
"2274785","797","1688474991","67","65.000","2160","384.00","111.00","2023-07-04 12:51:12"
"2274786","797","1688474991","67","65.000","2160","384.00","110.00","2023-07-04 12:51:12"
"2274787","797","1688474991","67","65.000","2160","384.00","110.00","2023-07-04 12:51:12"
"2274788","797","1688474991","67","65.000","2160","384.00","110.00","2023-07-04 12:51:12"
"2274789","797","1688474991","67","65.000","2160","384.00","111.00","2023-07-04 12:51:12"
"2274790","797","1688474991","67","65.000","2160","384.00","111.00","2023-07-04 12:51:13"
"2274791","797","1688474991","67","65.000","2160","384.00","111.00","2023-07-04 12:51:13"
"2274792","797","1688474991","67","65.000","2160","384.00","111.00","2023-07-04 12:51:13"
"2274793","797","1688474991","67","65.000","2160","384.00","110.00","2023-07-04 12:51:13"
"2274794","797","1688474991","67","65.000","2160","384.00","110.00","2023-07-04 12:51:13"
"2274795","797","1688474991","67","65.000","2160","384.00","111.00","2023-07-04 12:51:13"
"2274796","797","1688474991","67","65.000","2160","384.00","111.00","2023-07-04 12:51:13"
"2274797","797","1688474991","67","65.000","2160","384.00","111.00","2023-07-04 12:51:13"
"2274798","797","1688474991","67","65.000","2160","384.00","110.00","2023-07-04 12:51:14"
"2274799","797","1688474991","67","65.000","2160","384.00","110.00","2023-07-04 12:51:14"
"2274800","797","1688474991","67","65.000","2160","384.00","111.00","2023-07-04 12:51:14"
"2274801","797","1688474991","67","65.000","2160","384.00","111.00","2023-07-04 12:51:14"
"2274802","797","1688474991","67","65.000","2160","384.00","111.00","2023-07-04 12:51:14"
"2274803","797","1688474991","67","65.000","2160","384.00","110.00","2023-07-04 12:51:14"
"2274804","797","1688474991","67","65.000","2160","384.00","110.00","2023-07-04 12:51:14"
"2274805","797","1688474991","67","65.000","2160","384.00","111.00","2023-07-04 12:51:14"
"2274806","797","1688474991","67","65.000","2160","384.00","111.00","2023-07-04 12:51:14"
"2274807","797","1688474991","67","65.000","2160","384.00","111.00","2023-07-04 12:51:15"
"2274808","797","1688474991","67","65.000","2160","384.00","110.00","2023-07-04 12:51:15"
"2274809","797","1688474991","67","65.000","2160","384.00","110.00","2023-07-04 12:51:15"
"2274810","797","1688474991","67","65.000","2160","384.00","111.00","2023-07-04 12:51:15"
"2274811","797","1688474991","67","65.000","2160","384.00","111.00","2023-07-04 12:51:15"
"2274812","797","1688474991","67","65.000","2160","384.00","111.00","2023-07-04 12:51:15"
"2274813","797","1688474991","67","65.000","2160","384.00","110.00","2023-07-04 12:51:15"
"2274814","797","1688474991","67","65.000","2160","384.00","110.00","2023-07-04 12:51:15"
"2274815","797","1688474991","67","65.000","2160","384.00","111.00","2023-07-04 12:51:16"
"2274816","797","1688474991","67","65.000","2160","384.00","111.00","2023-07-04 12:51:16"
"2274817","797","1688474991","67","65.000","2160","384.00","111.00","2023-07-04 12:51:16"
"2274818","797","1688474991","67","65.000","2160","384.00","110.00","2023-07-04 12:51:16"
"2274819","797","1688474991","67","65.000","2160","384.00","110.00","2023-07-04 12:51:16"
"2274820","797","1688474991","67","65.000","2160","384.00","111.00","2023-07-04 12:51:16"
"2274821","797","1688474991","67","65.000","2160","384.00","111.00","2023-07-04 12:51:16"
"2274822","797","1688474991","67","65.000","2160","384.00","111.00","2023-07-04 12:51:16"
"2274823","797","1688474991","67","65.000","2160","384.00","110.00","2023-07-04 12:51:17"
"2274824","797","1688474991","67","65.000","2160","384.00","110.00","2023-07-04 12:51:17"
"2274825","797","1688474991","67","65.000","2160","384.00","111.00","2023-07-04 12:51:17"
"2274826","797","1688474991","67","65.000","2160","384.00","111.00","2023-07-04 12:51:17"
"2274827","797","1688474991","67","65.000","2160","384.00","111.00","2023-07-04 12:51:17"
"2274828","797","1688474991","67","65.000","2100","384.00","110.00","2023-07-04 12:51:17"
"2274829","797","1688474991","67","65.000","2100","384.00","110.00","2023-07-04 12:51:17"
"2274830","797","1688474991","67","65.000","2100","384.00","111.00","2023-07-04 12:51:17"
"2274831","797","1688474991","67","65.000","2100","384.00","111.00","2023-07-04 12:51:17"
"2274832","797","1688474991","67","65.000","2100","384.00","111.00","2023-07-04 12:51:18"
"2274833","797","1688474991","67","65.000","2100","384.00","110.00","2023-07-04 12:51:18"
"2274834","797","1688474991","67","65.000","2100","384.00","110.00","2023-07-04 12:51:18"
"2274835","797","1688474991","67","65.000","2100","384.00","111.00","2023-07-04 12:51:18"
"2274836","797","1688474991","67","65.000","2100","384.00","111.00","2023-07-04 12:51:18"
"2274837","797","1688474991","67","65.000","2100","384.00","111.00","2023-07-04 12:51:18"
"2274838","797","1688474991","67","65.000","2100","384.00","110.00","2023-07-04 12:51:18"
"2274839","797","1688474991","67","65.000","2100","384.00","111.00","2023-07-04 12:51:18"
"2274840","797","1688474991","67","65.000","2100","384.00","110.00","2023-07-04 12:51:19"
"2274841","797","1688474991","67","65.000","2100","384.00","110.00","2023-07-04 12:51:19"
"2274842","797","1688474991","67","65.000","2100","384.00","111.00","2023-07-04 12:51:19"
"2274843","797","1688474991","67","65.000","2100","384.00","111.00","2023-07-04 12:51:19"
"2274844","797","1688474991","67","65.000","2100","384.00","110.00","2023-07-04 12:51:19"
"2274845","797","1688474991","67","65.000","2100","384.00","110.00","2023-07-04 12:51:19"
"2274846","797","1688474991","67","65.000","2100","384.00","110.00","2023-07-04 12:51:19"
"2274847","797","1688474991","67","65.000","2100","384.00","111.00","2023-07-04 12:51:19"
"2274848","797","1688474991","67","65.000","2100","384.00","111.00","2023-07-04 12:51:20"
"2274849","797","1688474991","67","65.000","2100","384.00","110.00","2023-07-04 12:51:20"
"2274850","797","1688474991","67","65.000","2100","384.00","110.00","2023-07-04 12:51:20"
"2274851","797","1688474991","67","65.000","2100","384.00","110.00","2023-07-04 12:51:20"
"2274852","797","1688474991","67","65.000","2100","384.00","110.00","2023-07-04 12:51:20"
"2274853","797","1688474991","67","65.000","2100","384.00","111.00","2023-07-04 12:51:20"
"2274854","797","1688474991","67","65.000","2100","384.00","111.00","2023-07-04 12:51:20"
"2274855","797","1688474991","67","65.000","2100","384.00","110.00","2023-07-04 12:51:20"
"2274856","797","1688474991","67","65.000","2100","384.00","111.00","2023-07-04 12:51:20"
"2274857","797","1688474991","67","65.000","2100","384.00","110.00","2023-07-04 12:51:21"
"2274858","797","1688474991","67","65.000","2100","384.00","111.00","2023-07-04 12:51:21"
"2274859","797","1688474991","67","65.000","2100","384.00","111.00","2023-07-04 12:51:21"
"2274860","797","1688474991","67","65.000","2100","384.00","110.00","2023-07-04 12:51:21"
"2274861","797","1688474991","67","65.000","2100","384.00","110.00","2023-07-04 12:51:21"
"2274862","797","1688474991","67","65.000","2100","384.00","110.00","2023-07-04 12:51:21"
"2274863","797","1688474991","67","65.000","2100","384.00","111.00","2023-07-04 12:51:21"
"2274864","797","1688474991","67","65.000","2100","384.00","111.00","2023-07-04 12:51:21"
"2274865","797","1688474991","67","65.000","2100","384.00","110.00","2023-07-04 12:51:22"
"2274866","797","1688474991","67","65.000","2100","384.00","110.00","2023-07-04 12:51:22"
"2274867","797","1688474991","67","65.000","2100","384.00","110.00","2023-07-04 12:51:22"
"2274868","797","1688474991","67","65.000","2100","384.00","111.00","2023-07-04 12:51:22"
"2274869","797","1688474991","67","65.000","2100","385.00","111.00","2023-07-04 12:51:22"
"2274870","797","1688474991","67","65.000","2100","384.00","110.00","2023-07-04 12:51:22"
"2274871","797","1688474991","67","65.000","2100","384.00","110.00","2023-07-04 12:51:22"
"2274872","797","1688474991","67","65.000","2100","384.00","110.00","2023-07-04 12:51:22"
"2274873","797","1688474991","67","65.000","2100","384.00","110.00","2023-07-04 12:51:23"
"2274874","797","1688474991","67","65.000","2100","384.00","111.00","2023-07-04 12:51:23"
"2274875","797","1688474991","67","65.000","2100","384.00","110.00","2023-07-04 12:51:23"
"2274876","797","1688474991","67","65.000","2100","384.00","110.00","2023-07-04 12:51:23"
"2274877","797","1688474991","67","65.000","2100","384.00","110.00","2023-07-04 12:51:23"
"2274878","797","1688474991","67","65.000","2100","385.00","110.00","2023-07-04 12:51:23"
"2274879","797","1688474991","67","65.000","2100","384.00","111.00","2023-07-04 12:51:23"
"2274880","797","1688474991","67","65.000","2100","384.00","110.00","2023-07-04 12:51:23"
"2274881","797","1688474991","67","65.000","2100","384.00","110.00","2023-07-04 12:51:23"
"2274882","797","1688474991","67","65.000","2100","384.00","111.00","2023-07-04 12:51:24"
"2274883","797","1688474991","67","65.000","2100","384.00","111.00","2023-07-04 12:51:24"
"2274884","797","1688474991","67","65.000","2100","384.00","111.00","2023-07-04 12:51:24"
"2274885","797","1688474991","67","65.000","2100","384.00","110.00","2023-07-04 12:51:24"
"2274886","797","1688474991","67","65.000","2100","384.00","110.00","2023-07-04 12:51:24"
"2274887","797","1688474991","67","65.000","2100","384.00","111.00","2023-07-04 12:51:24"
"2274888","797","1688474991","67","65.000","2100","384.00","111.00","2023-07-04 12:51:24"
"2274889","797","1688474991","67","65.000","2100","385.00","111.00","2023-07-04 12:51:24"
"2274890","797","1688474991","67","65.000","2100","384.00","110.00","2023-07-04 12:51:25"
"2274891","797","1688474991","67","65.000","2100","384.00","110.00","2023-07-04 12:51:25"
"2274892","797","1688474991","67","65.000","2100","384.00","111.00","2023-07-04 12:51:25"
"2274893","797","1688474991","67","65.000","2100","384.00","111.00","2023-07-04 12:51:25"
"2274894","797","1688474991","67","65.000","2100","384.00","111.00","2023-07-04 12:51:25"
"2274895","797","1688474991","67","65.000","2100","384.00","110.00","2023-07-04 12:51:25"
"2274896","797","1688474991","67","65.000","2100","384.00","110.00","2023-07-04 12:51:25"
"2274897","797","1688474991","67","65.000","2100","384.00","111.00","2023-07-04 12:51:25"
"2274898","797","1688474991","67","65.000","2100","385.00","111.00","2023-07-04 12:51:25"
"2274899","797","1688474991","67","65.000","2100","384.00","111.00","2023-07-04 12:51:26"
"2274900","797","1688474991","67","65.000","2100","384.00","110.00","2023-07-04 12:51:26"
"2274901","797","1688474991","67","65.000","2100","384.00","110.00","2023-07-04 12:51:26"
"2274902","797","1688474991","67","65.000","2100","385.00","111.00","2023-07-04 12:51:26"
"2274903","797","1688474991","67","65.000","2100","384.00","111.00","2023-07-04 12:51:26"
"2274904","797","1688474991","67","65.000","2100","384.00","111.00","2023-07-04 12:51:26"
"2274905","797","1688474991","67","65.000","2100","385.00","110.00","2023-07-04 12:51:26"
"2274906","797","1688474991","67","65.000","2100","384.00","111.00","2023-07-04 12:51:26"
"2274907","797","1688474991","67","65.000","2100","385.00","111.00","2023-07-04 12:51:27"
"2274908","797","1688474991","67","65.000","2100","385.00","111.00","2023-07-04 12:51:27"
"2274909","797","1688474991","67","65.000","2100","384.00","111.00","2023-07-04 12:51:27"
"2274910","797","1688474991","67","65.000","2100","384.00","110.00","2023-07-04 12:51:27"
"2274911","797","1688474991","67","65.000","2100","384.00","110.00","2023-07-04 12:51:27"
"2274912","797","1688474991","67","65.000","2100","385.00","111.00","2023-07-04 12:51:27"
"2274913","797","1688474991","67","65.000","2100","385.00","111.00","2023-07-04 12:51:27"
"2274914","797","1688474991","67","65.000","2100","384.00","111.00","2023-07-04 12:51:27"
"2274915","797","1688474991","67","65.000","2100","385.00","110.00","2023-07-04 12:51:28"
"2274916","797","1688474991","67","65.000","2100","384.00","110.00","2023-07-04 12:51:28"
"2274917","797","1688474991","67","65.000","2100","384.00","111.00","2023-07-04 12:51:28"
"2274918","797","1688474991","67","65.000","2100","385.00","111.00","2023-07-04 12:51:28"
"2274919","797","1688474991","67","65.000","2100","385.00","111.00","2023-07-04 12:51:28"
"2274920","797","1688474991","67","65.000","2100","384.00","111.00","2023-07-04 12:51:28"
"2274921","797","1688474991","67","65.000","2100","385.00","110.00","2023-07-04 12:51:28"
"2274922","797","1688474991","67","65.000","2100","385.00","110.00","2023-07-04 12:51:28"
"2274923","797","1688474991","67","65.000","2100","385.00","110.00","2023-07-04 12:51:28"
"2274924","797","1688474991","67","65.000","2100","384.00","111.00","2023-07-04 12:51:29"
"2274925","797","1688474991","67","65.000","2100","385.00","111.00","2023-07-04 12:51:29"
"2274926","797","1688474991","67","65.000","2100","385.00","110.00","2023-07-04 12:51:29"
"2274927","797","1688474991","67","65.000","2100","385.00","110.00","2023-07-04 12:51:29"
"2274928","797","1688474991","67","65.000","2100","385.00","111.00","2023-07-04 12:51:29"
"2274929","797","1688474991","67","65.000","2100","385.00","111.00","2023-07-04 12:51:29"
"2274930","797","1688474991","67","65.000","2100","384.00","111.00","2023-07-04 12:51:29"
"2274931","797","1688474991","67","65.000","2100","385.00","110.00","2023-07-04 12:51:29"
"2274932","797","1688474991","67","65.000","2100","385.00","110.00","2023-07-04 12:51:30"
"2274933","797","1688474991","67","65.000","2100","385.00","110.00","2023-07-04 12:51:30"
"2274934","797","1688474991","67","65.000","2100","385.00","111.00","2023-07-04 12:51:30"
"2274935","797","1688474991","67","65.000","2100","384.00","111.00","2023-07-04 12:51:30"
"2274936","797","1688474991","67","65.000","2100","384.00","110.00","2023-07-04 12:51:30"
"2274937","797","1688474991","67","65.000","2100","385.00","110.00","2023-07-04 12:51:30"
"2274938","797","1688474991","67","65.000","2100","385.00","111.00","2023-07-04 12:51:30"
"2274939","797","1688474991","67","65.000","2100","385.00","111.00","2023-07-04 12:51:30"
"2274940","797","1688474991","67","65.000","2100","385.00","111.00","2023-07-04 12:51:31"
"2274941","797","1688474991","67","65.000","2100","385.00","111.00","2023-07-04 12:51:31"
"2274942","797","1688474991","67","65.000","2100","385.00","110.00","2023-07-04 12:51:31"
"2274943","797","1688474991","67","65.000","2100","385.00","111.00","2023-07-04 12:51:31"
"2274944","797","1688474991","67","65.000","2100","385.00","111.00","2023-07-04 12:51:31"
"2274945","797","1688474991","67","65.000","2100","385.00","111.00","2023-07-04 12:51:31"
"2274946","797","1688474991","67","65.000","2100","385.00","110.00","2023-07-04 12:51:31"
"2274947","797","1688474991","67","65.000","2100","385.00","110.00","2023-07-04 12:51:31"
"2274948","797","1688474991","67","65.000","2100","385.00","111.00","2023-07-04 12:51:31"
"2274949","797","1688474991","67","65.000","2100","385.00","111.00","2023-07-04 12:51:32"
"2274950","797","1688474991","67","65.000","2100","385.00","111.00","2023-07-04 12:51:32"
"2274951","797","1688474991","67","65.000","2100","385.00","110.00","2023-07-04 12:51:32"
"2274952","797","1688474991","67","65.000","2100","385.00","110.00","2023-07-04 12:51:32"
"2274953","797","1688474991","67","65.000","2100","385.00","111.00","2023-07-04 12:51:32"
"2274954","797","1688474991","67","65.000","2100","385.00","111.00","2023-07-04 12:51:32"
"2274955","797","1688474991","67","65.000","2100","385.00","110.00","2023-07-04 12:51:32"
"2274956","797","1688474991","67","65.000","2100","384.00","110.00","2023-07-04 12:51:33"
"2274957","797","1688474991","67","65.000","2100","385.00","110.00","2023-07-04 12:51:33"
"2274958","797","1688474991","67","65.000","2100","385.00","110.00","2023-07-04 12:51:33"
"2274959","797","1688474991","67","65.000","2100","385.00","111.00","2023-07-04 12:51:33"
"2274960","797","1688474991","67","65.000","2100","385.00","110.00","2023-07-04 12:51:33"
"2274961","797","1688474991","67","65.000","2100","385.00","110.00","2023-07-04 12:51:33"
"2274962","797","1688474991","67","65.000","2100","385.00","110.00","2023-07-04 12:51:33"
"2274963","797","1688474991","67","65.000","2100","385.00","111.00","2023-07-04 12:51:33"
"2274964","797","1688474991","67","65.000","2100","385.00","111.00","2023-07-04 12:51:33"
"2274965","797","1688474991","67","65.000","2100","385.00","110.00","2023-07-04 12:51:34"
"2274966","797","1688474991","67","65.000","2100","385.00","110.00","2023-07-04 12:51:34"
"2274967","797","1688474991","67","65.000","2100","385.00","110.00","2023-07-04 12:51:34"
"2274968","797","1688474991","67","65.000","2100","385.00","111.00","2023-07-04 12:51:34"
"2274969","797","1688474991","67","65.000","2100","385.00","111.00","2023-07-04 12:51:34"
"2274970","797","1688474991","67","65.000","2100","385.00","110.00","2023-07-04 12:51:34"
"2274971","797","1688474991","67","65.000","2100","385.00","110.00","2023-07-04 12:51:34"
"2274972","797","1688474991","67","65.000","2100","385.00","110.00","2023-07-04 12:51:34"
"2274973","797","1688474991","67","65.000","2100","385.00","111.00","2023-07-04 12:51:35"
"2274974","797","1688474991","67","65.000","2100","385.00","111.00","2023-07-04 12:51:35"
"2274975","797","1688474991","67","65.000","2100","385.00","111.00","2023-07-04 12:51:35"
"2274976","797","1688474991","67","65.000","2100","385.00","110.00","2023-07-04 12:51:35"
"2274977","797","1688474991","67","65.000","2100","385.00","110.00","2023-07-04 12:51:35"
"2274978","797","1688474991","67","65.000","2100","385.00","111.00","2023-07-04 12:51:35"
"2274979","797","1688474991","67","65.000","2100","385.00","111.00","2023-07-04 12:51:35"
"2274980","797","1688474991","67","65.000","2100","385.00","110.00","2023-07-04 12:51:35"
"2274981","797","1688474991","67","65.000","2100","385.00","110.00","2023-07-04 12:51:35"
"2274982","797","1688474991","67","65.000","2100","385.00","110.00","2023-07-04 12:51:36"
"2274983","797","1688474991","67","65.000","2100","385.00","111.00","2023-07-04 12:51:36"
"2274984","797","1688474991","67","65.000","2100","385.00","111.00","2023-07-04 12:51:36"
"2274985","797","1688474991","67","65.000","2100","385.00","111.00","2023-07-04 12:51:36"
"2274986","797","1688474991","67","65.000","2100","385.00","111.00","2023-07-04 12:51:36"
"2274987","797","1688474991","67","65.000","2100","385.00","110.00","2023-07-04 12:51:36"
"2274988","797","1688474991","67","65.000","2100","385.00","110.00","2023-07-04 12:51:36"
"2274989","797","1688474991","67","65.000","2100","385.00","111.00","2023-07-04 12:51:36"
"2274990","797","1688474991","67","65.000","2100","385.00","110.00","2023-07-04 12:51:37"
"2274991","797","1688474991","67","65.000","2100","385.00","111.00","2023-07-04 12:51:37"
"2274992","797","1688474991","67","65.000","2100","385.00","110.00","2023-07-04 12:51:37"
"2274993","797","1688474991","67","65.000","2100","385.00","110.00","2023-07-04 12:51:37"
"2274994","797","1688474991","67","65.000","2100","385.00","111.00","2023-07-04 12:51:37"
"2274995","797","1688474991","67","65.000","2100","385.00","111.00","2023-07-04 12:51:37"
"2274996","797","1688474991","67","65.000","2100","385.00","111.00","2023-07-04 12:51:37"
"2274997","797","1688474991","67","65.000","2100","385.00","110.00","2023-07-04 12:51:37"
"2274998","797","1688474991","67","65.000","2100","385.00","110.00","2023-07-04 12:51:38"
"2274999","797","1688474991","67","65.000","2100","385.00","111.00","2023-07-04 12:51:38"
"2275000","797","1688474991","67","65.000","2100","385.00","111.00","2023-07-04 12:51:38"
"2275001","797","1688474991","67","65.000","2100","385.00","110.00","2023-07-04 12:51:38"
"2275002","797","1688474991","67","65.000","2100","385.00","110.00","2023-07-04 12:51:38"
"2275003","797","1688474991","67","65.000","2100","385.00","110.00","2023-07-04 12:51:38"
"2275004","797","1688474991","67","65.000","2100","385.00","111.00","2023-07-04 12:51:38"
"2275005","797","1688474991","67","65.000","2100","385.00","111.00","2023-07-04 12:51:38"
"2275006","797","1688474991","67","65.000","2100","385.00","110.00","2023-07-04 12:51:38"
"2275007","797","1688474991","67","65.000","2100","385.00","110.00","2023-07-04 12:51:39"
"2275008","797","1688474991","67","65.000","2100","385.00","110.00","2023-07-04 12:51:39"
"2275009","797","1688474991","67","65.000","2100","385.00","111.00","2023-07-04 12:51:39"
"2275010","797","1688474991","67","65.000","2100","385.00","111.00","2023-07-04 12:51:39"
"2275011","797","1688474991","67","65.000","2100","385.00","110.00","2023-07-04 12:51:39"
"2275012","797","1688474991","67","65.000","2100","385.00","110.00","2023-07-04 12:51:39"
"2275013","797","1688474991","67","65.000","2100","385.00","110.00","2023-07-04 12:51:39"
"2275014","797","1688474991","67","65.000","2100","385.00","111.00","2023-07-04 12:51:39"
"2275015","797","1688474991","67","65.000","2100","385.00","111.00","2023-07-04 12:51:40"
"2275016","797","1688474991","67","65.000","2100","385.00","110.00","2023-07-04 12:51:40"
"2275017","797","1688474991","67","65.000","2100","385.00","110.00","2023-07-04 12:51:40"
"2275018","797","1688474991","67","65.000","2100","385.00","110.00","2023-07-04 12:51:40"
"2275019","797","1688474991","67","65.000","2100","385.00","111.00","2023-07-04 12:51:40"
"2275020","797","1688474991","67","65.000","2100","385.00","111.00","2023-07-04 12:51:40"
"2275021","797","1688474991","67","65.000","2100","385.00","110.00","2023-07-04 12:51:40"
"2275022","797","1688474991","67","65.000","2100","385.00","110.00","2023-07-04 12:51:40"
"2275023","797","1688474991","67","65.000","2100","385.00","110.00","2023-07-04 12:51:41"
"2275024","797","1688474991","67","65.000","2100","385.00","111.00","2023-07-04 12:51:41"
"2275025","797","1688474991","67","65.000","2100","385.00","111.00","2023-07-04 12:51:41"
"2275026","797","1688474991","67","65.000","2100","385.00","110.00","2023-07-04 12:51:41"
"2275027","797","1688474991","67","65.000","2100","385.00","110.00","2023-07-04 12:51:41"
"2275028","797","1688474991","67","65.000","2100","385.00","111.00","2023-07-04 12:51:41"
"2275029","797","1688474991","67","65.000","2100","385.00","111.00","2023-07-04 12:51:41"
"2275030","797","1688474991","67","65.000","2100","385.00","111.00","2023-07-04 12:51:41"
"2275031","797","1688474991","67","65.000","2100","385.00","110.00","2023-07-04 12:51:41"
"2275032","797","1688474991","67","65.000","2100","385.00","110.00","2023-07-04 12:51:42"
"2275033","797","1688474991","67","65.000","2100","385.00","111.00","2023-07-04 12:51:42"
"2275034","797","1688474991","67","65.000","2100","385.00","111.00","2023-07-04 12:51:42"
"2275035","797","1688474991","67","65.000","2100","385.00","111.00","2023-07-04 12:51:42"
"2275036","797","1688474991","67","65.000","2100","385.00","110.00","2023-07-04 12:51:42"
"2275037","797","1688474991","67","65.000","2100","385.00","110.00","2023-07-04 12:51:42"
"2275038","797","1688474991","67","65.000","2100","385.00","111.00","2023-07-04 12:51:42"
"2275039","797","1688474991","67","65.000","2100","385.00","111.00","2023-07-04 12:51:42"
"2275040","797","1688474991","67","65.000","2100","385.00","111.00","2023-07-04 12:51:43"
"2275041","797","1688474991","67","65.000","2100","385.00","110.00","2023-07-04 12:51:43"
"2275042","797","1688474991","67","65.000","2100","385.00","110.00","2023-07-04 12:51:43"
"2275043","797","1688474991","67","65.000","2100","385.00","111.00","2023-07-04 12:51:43"
"2275044","797","1688474991","67","65.000","2100","385.00","111.00","2023-07-04 12:51:43"
"2275045","797","1688474991","67","65.000","2100","385.00","111.00","2023-07-04 12:51:43"
"2275046","797","1688474991","67","65.000","2100","385.00","110.00","2023-07-04 12:51:43"
"2275047","797","1688474991","67","65.000","2100","385.00","110.00","2023-07-04 12:51:43"
"2275048","797","1688474991","67","65.000","2100","385.00","111.00","2023-07-04 12:51:44"
"2275049","797","1688474991","67","65.000","2100","385.00","111.00","2023-07-04 12:51:44"
"2275050","797","1688474991","67","65.000","2100","385.00","111.00","2023-07-04 12:51:44"
"2275051","797","1688474991","67","65.000","2100","385.00","111.00","2023-07-04 12:51:44"
"2275052","797","1688474991","67","65.000","2100","385.00","110.00","2023-07-04 12:51:44"
"2275053","797","1688474991","67","65.000","2100","385.00","111.00","2023-07-04 12:51:44"
"2275054","797","1688474991","67","65.000","2100","385.00","111.00","2023-07-04 12:51:44"
"2275055","797","1688474991","67","65.000","2100","385.00","111.00","2023-07-04 12:51:44"
"2275056","797","1688474991","67","65.000","2100","385.00","111.00","2023-07-04 12:51:44"
"2275057","797","1688474991","67","65.000","2100","385.00","110.00","2023-07-04 12:51:45"
"2275058","797","1688474991","67","65.000","2100","385.00","110.00","2023-07-04 12:51:45"
"2275059","797","1688474991","67","65.000","2100","385.00","111.00","2023-07-04 12:51:45"
"2275060","797","1688474991","67","65.000","2100","385.00","111.00","2023-07-04 12:51:45"
"2275061","797","1688474991","67","65.000","2100","385.00","111.00","2023-07-04 12:51:45"
"2275062","797","1688474991","67","65.000","2100","385.00","110.00","2023-07-04 12:51:45"
"2275063","797","1688474991","67","65.000","2100","385.00","110.00","2023-07-04 12:51:45"
"2275064","797","1688474991","67","65.000","2100","385.00","111.00","2023-07-04 12:51:45"
"2275065","797","1688474991","67","65.000","2100","385.00","111.00","2023-07-04 12:51:46"
"2275066","797","1688474991","67","65.000","2100","385.00","111.00","2023-07-04 12:51:46"
"2275067","797","1688474991","67","65.000","2100","385.00","110.00","2023-07-04 12:51:46"
"2275068","797","1688474991","67","65.000","2100","385.00","110.00","2023-07-04 12:51:46"
"2275069","797","1688474991","67","66.000","2100","385.00","111.00","2023-07-04 12:51:46"
"2275070","797","1688474991","67","66.000","2100","385.00","111.00","2023-07-04 12:51:46"
"2275071","797","1688474991","67","66.000","2100","385.00","111.00","2023-07-04 12:51:46"
"2275072","797","1688474991","67","66.000","2100","385.00","110.00","2023-07-04 12:51:46"
"2275073","797","1688474991","67","66.000","2100","385.00","110.00","2023-07-04 12:51:47"
"2275074","797","1688474991","67","66.000","2100","385.00","111.00","2023-07-04 12:51:47"
"2275075","797","1688474991","67","66.000","2100","385.00","111.00","2023-07-04 12:51:47"
"2275076","797","1688474991","67","66.000","2100","385.00","111.00","2023-07-04 12:51:47"
"2275077","797","1688474991","67","66.000","2100","385.00","111.00","2023-07-04 12:51:47"
"2275078","797","1688474991","67","66.000","2100","385.00","110.00","2023-07-04 12:51:47"
"2275079","797","1688474991","67","66.000","2100","385.00","111.00","2023-07-04 12:51:47"
"2275080","797","1688474991","67","66.000","2100","385.00","111.00","2023-07-04 12:51:47"
"2275081","797","1688474991","67","66.000","2100","385.00","111.00","2023-07-04 12:51:47"
"2275082","797","1688474991","67","66.000","2100","385.00","110.00","2023-07-04 12:51:48"
"2275083","797","1688474991","67","66.000","2100","385.00","110.00","2023-07-04 12:51:48"
"2275084","797","1688474991","67","66.000","2100","385.00","111.00","2023-07-04 12:51:48"
"2275085","797","1688474991","67","66.000","2100","385.00","111.00","2023-07-04 12:51:48"
"2275086","797","1688474991","67","66.000","2100","385.00","110.00","2023-07-04 12:51:48"
"2275087","797","1688474991","67","66.000","2100","385.00","110.00","2023-07-04 12:51:48"
"2275088","797","1688474991","67","66.000","2100","385.00","110.00","2023-07-04 12:51:48"
"2275089","797","1688474991","67","66.000","2100","385.00","111.00","2023-07-04 12:51:48"
"2275090","797","1688474991","67","66.000","2100","385.00","111.00","2023-07-04 12:51:49"
"2275091","797","1688474991","67","66.000","2100","385.00","111.00","2023-07-04 12:51:49"
"2275092","797","1688474991","67","66.000","2100","385.00","110.00","2023-07-04 12:51:49"
"2275093","797","1688474991","67","66.000","2100","385.00","110.00","2023-07-04 12:51:49"
"2275094","797","1688474991","67","66.000","2100","385.00","110.00","2023-07-04 12:51:49"
"2275095","797","1688474991","67","66.000","2100","385.00","111.00","2023-07-04 12:51:49"
"2275096","797","1688474991","67","66.000","2100","385.00","111.00","2023-07-04 12:51:49"
"2275097","797","1688474991","67","66.000","2100","385.00","110.00","2023-07-04 12:51:49"
"2275098","797","1688474991","67","66.000","2100","385.00","110.00","2023-07-04 12:51:50"
"2275099","797","1688474991","67","66.000","2100","385.00","111.00","2023-07-04 12:51:50"
"2275100","797","1688474991","67","66.000","2100","385.00","111.00","2023-07-04 12:51:50"
"2275101","797","1688474991","67","66.000","2100","385.00","111.00","2023-07-04 12:51:50"
"2275102","797","1688474991","67","66.000","2100","385.00","110.00","2023-07-04 12:51:50"
"2275103","797","1688474991","67","66.000","2100","385.00","110.00","2023-07-04 12:51:50"
"2275104","797","1688474991","67","66.000","2100","385.00","111.00","2023-07-04 12:51:50"
"2275105","797","1688474991","67","66.000","2100","385.00","111.00","2023-07-04 12:51:50"
"2275106","797","1688474991","67","66.000","2100","385.00","111.00","2023-07-04 12:51:50"
"2275107","797","1688474991","67","66.000","2100","385.00","110.00","2023-07-04 12:51:51"
"2275108","797","1688474991","67","66.000","2100","385.00","110.00","2023-07-04 12:51:51"
"2275109","797","1688474991","67","66.000","2100","385.00","111.00","2023-07-04 12:51:51"
"2275110","797","1688474991","67","66.000","2100","385.00","111.00","2023-07-04 12:51:51"
"2275111","797","1688474991","67","66.000","2100","385.00","110.00","2023-07-04 12:51:51"
"2275112","797","1688474991","67","66.000","2100","385.00","110.00","2023-07-04 12:51:51"
"2275113","797","1688474991","67","66.000","2100","385.00","111.00","2023-07-04 12:51:51"
"2275114","797","1688474991","67","66.000","2100","385.00","111.00","2023-07-04 12:51:51"
"2275115","797","1688474991","67","66.000","2100","385.00","110.00","2023-07-04 12:51:52"
"2275116","797","1688474991","67","66.000","2100","385.00","110.00","2023-07-04 12:51:52"
"2275117","797","1688474991","67","66.000","2100","385.00","110.00","2023-07-04 12:51:52"
"2275118","797","1688474991","67","66.000","2100","385.00","111.00","2023-07-04 12:51:52"
"2275119","797","1688474991","67","66.000","2100","385.00","111.00","2023-07-04 12:51:52"
"2275120","797","1688474991","67","66.000","2100","385.00","111.00","2023-07-04 12:51:52"
"2275121","797","1688474991","67","66.000","2100","385.00","111.00","2023-07-04 12:51:52"
"2275122","797","1688474991","67","66.000","2100","385.00","111.00","2023-07-04 12:51:52"
"2275123","797","1688474991","67","66.000","2100","385.00","111.00","2023-07-04 12:51:52"
"2275124","797","1688474991","67","66.000","2100","385.00","110.00","2023-07-04 12:51:53"
"2275125","797","1688474991","67","66.000","2100","385.00","111.00","2023-07-04 12:51:53"
"2275126","797","1688474991","67","66.000","2100","385.00","110.00","2023-07-04 12:51:53"
"2275127","797","1688474991","67","66.000","2100","385.00","110.00","2023-07-04 12:51:53"
"2275128","797","1688474991","67","66.000","2100","385.00","110.00","2023-07-04 12:51:53"
"2275129","797","1688474991","67","66.000","2100","385.00","110.00","2023-07-04 12:51:53"
"2275130","797","1688474991","67","66.000","2100","385.00","111.00","2023-07-04 12:51:53"
"2275131","797","1688474991","67","66.000","2100","385.00","110.00","2023-07-04 12:51:53"
"2275132","797","1688474991","67","66.000","2100","385.00","111.00","2023-07-04 12:51:54"
"2275133","797","1688474991","67","66.000","2100","385.00","110.00","2023-07-04 12:51:54"
"2275134","797","1688474991","67","66.000","2100","385.00","110.00","2023-07-04 12:51:54"
"2275135","797","1688474991","67","66.000","2100","385.00","111.00","2023-07-04 12:51:54"
"2275136","797","1688474991","67","66.000","2100","385.00","110.00","2023-07-04 12:51:54"
"2275137","797","1688474991","67","66.000","2100","385.00","111.00","2023-07-04 12:51:54"
"2275138","797","1688474991","67","66.000","2100","385.00","110.00","2023-07-04 12:51:54"
"2275139","797","1688474991","67","66.000","2100","385.00","111.00","2023-07-04 12:51:54"
"2275140","797","1688474991","67","66.000","2100","385.00","111.00","2023-07-04 12:51:55"
"2275141","797","1688474991","67","66.000","2100","385.00","111.00","2023-07-04 12:51:55"
"2275142","797","1688474991","67","66.000","2100","385.00","111.00","2023-07-04 12:51:55"
"2275143","797","1688474991","67","66.000","2100","385.00","110.00","2023-07-04 12:51:55"
"2275144","797","1688474991","67","66.000","2100","385.00","111.00","2023-07-04 12:51:55"
"2275145","797","1688474991","67","66.000","2100","385.00","111.00","2023-07-04 12:51:55"
"2275146","797","1688474991","67","66.000","2100","385.00","110.00","2023-07-04 12:51:55"
"2275147","797","1688474991","67","66.000","2100","385.00","111.00","2023-07-04 12:51:55"
"2275148","797","1688474991","67","66.000","2100","385.00","110.00","2023-07-04 12:51:55"
"2275149","797","1688474991","67","66.000","2100","385.00","111.00","2023-07-04 12:51:56"
"2275150","797","1688474991","67","66.000","2100","385.00","111.00","2023-07-04 12:51:56"
"2275151","797","1688474991","67","66.000","2100","385.00","110.00","2023-07-04 12:51:56"
"2275152","797","1688474991","67","66.000","2100","385.00","111.00","2023-07-04 12:51:56"
"2275153","797","1688474991","67","66.000","2100","385.00","110.00","2023-07-04 12:51:56"
"2275154","797","1688474991","67","66.000","2100","385.00","111.00","2023-07-04 12:51:56"
"2275155","797","1688474991","67","66.000","2100","385.00","111.00","2023-07-04 12:51:56"
"2275156","797","1688474991","67","66.000","2100","385.00","110.00","2023-07-04 12:51:57"
"2275157","797","1688474991","67","66.000","2100","385.00","111.00","2023-07-04 12:51:57"
"2275158","797","1688474991","67","66.000","2100","385.00","110.00","2023-07-04 12:51:57"
"2275159","797","1688474991","67","66.000","2100","385.00","111.00","2023-07-04 12:51:57"
"2275160","797","1688474991","67","66.000","2100","385.00","111.00","2023-07-04 12:51:57"
"2275161","797","1688474991","67","66.000","2100","386.00","110.00","2023-07-04 12:51:57"
"2275162","797","1688474991","67","66.000","2100","385.00","111.00","2023-07-04 12:51:57"
"2275163","797","1688474991","67","66.000","2100","385.00","110.00","2023-07-04 12:51:57"
"2275164","797","1688474991","67","66.000","2100","385.00","111.00","2023-07-04 12:51:57"
"2275165","797","1688474991","67","66.000","2100","385.00","111.00","2023-07-04 12:51:58"
"2275166","797","1688474991","67","66.000","2100","385.00","110.00","2023-07-04 12:51:58"
"2275167","797","1688474991","67","66.000","2100","385.00","110.00","2023-07-04 12:51:58"
"2275168","797","1688474991","67","66.000","2100","385.00","110.00","2023-07-04 12:51:58"
"2275169","797","1688474991","67","66.000","2100","386.00","111.00","2023-07-04 12:51:58"
"2275170","797","1688474991","67","66.000","2100","385.00","111.00","2023-07-04 12:51:58"
"2275171","797","1688474991","67","66.000","2100","385.00","110.00","2023-07-04 12:51:58"
"2275172","797","1688474991","67","66.000","2100","385.00","111.00","2023-07-04 12:51:58"
"2275173","797","1688474991","67","66.000","2100","385.00","110.00","2023-07-04 12:51:59"
"2275174","797","1688474991","67","66.000","2100","385.00","111.00","2023-07-04 12:51:59"
"2275175","797","1688474991","67","66.000","2100","385.00","111.00","2023-07-04 12:51:59"
"2275176","797","1688474991","67","66.000","2100","385.00","110.00","2023-07-04 12:51:59"
"2275177","797","1688474991","67","66.000","2100","386.00","111.00","2023-07-04 12:51:59"
"2275178","797","1688474991","67","66.000","2100","385.00","110.00","2023-07-04 12:51:59"
"2275179","797","1688474991","67","66.000","2100","385.00","110.00","2023-07-04 12:51:59"
"2275180","797","1688474991","67","66.000","2100","385.00","111.00","2023-07-04 12:51:59"
